{
  "total_gold_entities": 6038,
  "total_exact_category_matches": 2009,
  "total_generated_entities": 6634,
  "precision": 0.3028338860416039,
  "recall": 0.3327260682345147,
  "f1_score": 0.3170770202020203
}